{
    "sensX": 161.9780731201172,
    "sensY": 161.9780731201172,
    "YInverted": false
}