{
    "sensX": 560.8115844726563,
    "sensY": 544.3170776367188,
    "YInverted": false
}