{
    "sensX": 237.55601501464845,
    "sensY": 237.55606079101563,
    "YInverted": false
}